<component name="ProjectRunConfigurationManager">
  <configuration default="false" name="DemoProject" type="Application" factoryName="Application">
    <option name="ALTERNATIVE_JRE_PATH" value="22" />
    <option name="ALTERNATIVE_JRE_PATH_ENABLED" value="true" />
    <option name="MAIN_CLASS_NAME" value="com.udacity.jdnd.course3.critter.CritterApplication" />
    <module name="critter" />
    <method v="2">
      <option name="Make" enabled="true" />
    </method>
  </configuration>
</component>